day,phase,race_day,injury_flag,miles,load,sleep_hours,resting_hr,hrv,overnight_hrv
1,baseline,0,0,2.153769100639366,24.00633310264968,7.41287227593335,48.105187281811894,77.24950465291985,76.03840051161055
2,baseline,0,0,4.011244132124446,58.34135146377853,8.04392757693496,47.674261178922954,75.93662827282145,76.53577371828705
3,baseline,0,0,3.96431583057131,49.270913175387214,8.200577018621093,49.04374236300847,76.72008480100192,77.81400095984927
4,baseline,0,0,2.7983560494079396,35.1463288899308,7.7453055836784435,48.23044340251542,74.30178077021013,76.09372424005919
5,baseline,0,0,0.8426258273684369,15.898343464806572,7.9512336378459425,47.1087954091707,75.4062347549855,75.6731512522144
6,baseline,0,0,2.747146098770355,42.46119701571352,7.9505336408396134,49.33285248844654,73.36420679857261,75.31199724160994
7,baseline,0,0,4.431356173723414,58.871780583708976,7.767009980456557,47.84064843129965,70.82157943903746,76.89061995069235
8,baseline,0,0,5.525111680000872,64.01806887151834,8.298814505588975,46.592312351047525,72.52543977849766,79.91356129555605
9,baseline,0,0,3.6588222867815015,38.60640335379915,7.597520944752404,48.93214271629362,71.92932658074973,74.12968873193758
10,baseline,0,0,4.422154632650622,47.65396222731471,8.089239377129234,49.75668006146396,68.771245857384,78.04503694797944
11,baseline,0,0,3.4175289779216733,42.92932817465857,8.277182986304569,50.56234493568993,77.25867237652979,77.8412939467787
12,baseline,0,0,0.832044821056422,7.160692734881474,7.850834278756901,48.02911945884439,77.20828343908106,75.90479348056145
13,baseline,0,0,4.011406224008413,56.72573369044602,7.655295016972582,48.200085267343724,68.62778328858465,71.06624103993285
14,baseline,0,0,5.054814724546747,72.9717948589499,7.985187882611513,48.53428321176479,71.4316287251552,71.53677725424409
15,baseline,0,0,2.8913598449118836,39.850179123307505,7.756384376908646,49.726011867628976,73.140359100913,79.57241488579415
16,baseline,0,0,3.5295414216796983,48.68304705032044,7.551104315029932,48.929123879579045,70.58801346128067,70.72093966366761
17,baseline,0,0,3.522508894529497,35.8827254852382,7.949855446681418,47.44884461268957,75.31164948945617,74.65609852176695
18,baseline,0,0,3.0632714847950417,36.34576379801515,8.34928718764687,49.642687225927034,80.14889160360114,77.03118682956448
19,baseline,0,0,0.38474025687204716,0.0,7.80158314718488,47.664046186445084,75.08756559690234,76.9250446636822
20,baseline,0,0,4.353911264917825,63.33122642830902,7.591024774784022,49.760413044004544,75.06269033932253,74.54157738988728
21,baseline,0,0,3.511492436065768,38.64528321079166,7.765434226719856,48.59184690749096,73.70238755471847,72.72946154965462
22,baseline,0,0,2.264043142857108,30.798136561928118,7.740384997192748,48.76496332563659,74.55976731335595,72.02152160057624
23,baseline,0,0,3.092217452839318,32.641580484706985,7.684724038776675,49.59668509265472,78.28531431904665,78.00048635949067
24,baseline,0,0,3.0715338711125915,33.69643540291142,7.456584596276051,49.341135804021086,77.05637314277972,74.1379167344041
25,baseline,0,0,2.4161610917032292,28.256961239103095,7.66882701481823,49.14754053087134,71.88008592780484,73.23262921348685
26,baseline,0,0,0.8499112117504025,14.620164515148684,7.662782173714281,50.12877587942549,74.42269835549837,75.26182551935428
27,baseline,0,0,4.407695343388181,60.26657341519347,7.972500098602574,48.53694652390977,76.31280981246186,75.7568509424392
28,baseline,0,0,3.7897738588003653,52.227915361025566,8.13709328898264,47.98613709730013,75.41604047595388,73.22584526719287
29,baseline,0,0,4.360094403940714,62.38472286657609,7.655834917515645,49.90022403102595,78.5379494740227,73.53822226843047
30,baseline,0,0,4.466830866111438,63.475402013574865,7.617876031187541,49.115113865861815,74.38886489471946,73.99579170042308
31,baseline,0,0,4.850498388328947,53.05538048057088,8.025357405194235,48.847223520321066,73.52684690220033,73.0607766380285
32,baseline,0,0,3.3925859775277853,37.90597719618755,7.461755574935042,48.876111329214694,73.8334523848202,72.97216564200185
33,baseline,0,0,0.6237540467295964,8.54627370242158,7.528492883594251,50.42094533830527,69.04189763122368,74.01252819615853
34,baseline,0,0,3.93902113547827,52.059891287311,7.61976223599529,47.9345571865144,72.45690370158387,76.71384525855579
35,baseline,0,0,6.360898871346864,72.83224921463214,7.329975551265172,49.84584004352393,79.83503261879959,75.41428500399662
36,baseline,0,0,3.80054161643735,38.79510704450169,7.514103170784443,49.202493566967156,73.58373013528032,75.67846688268757
37,baseline,0,0,2.979273584035749,45.80221867315856,7.7555973023419,50.16962999320392,78.72344584637733,72.27395720972632
38,baseline,0,0,3.2387389717464266,36.12372098118706,7.712948025873129,48.4984849799872,68.70488460364275,75.60585447385577
39,baseline,0,0,3.4657445738139763,43.551946663842,7.7687107351454765,48.19986821545404,75.35374060882407,75.92418985131377
40,baseline,0,0,0.522413214182766,0.0,7.650634960148762,49.52689027239632,72.88207857342177,76.99021856907603
41,baseline,0,0,5.2004467135839265,79.6832075702864,7.627935625900604,49.245220006819935,73.7504999687992,72.2540784274492
42,baseline,0,0,6.406833302721814,82.03077338949042,7.965415187792637,48.930044531722416,78.88232935200514,76.53330024704705
43,baseline,0,0,3.763891647062865,47.30014623514438,8.036462459668835,50.46208290635716,79.2601642617909,75.01995789325525
44,baseline,0,0,2.844218504456127,24.012995559157645,8.017433181101877,46.725744196021864,77.80115413170674,74.83974566022428
45,baseline,0,0,3.216192251950633,35.20698500843255,7.556824223626194,48.117798380878526,69.89238564721617,73.71416653349242
46,baseline,0,0,2.8670368227735894,38.90273631279145,7.720693870624204,47.569746128611264,73.28847223671836,76.26846753684774
47,baseline,0,0,0.8843770320185733,2.389542782589782,8.002361219600028,49.52259293095083,71.38380629007189,71.55877875748922
48,baseline,0,0,4.085269636043535,63.85236362176152,7.621186864073381,48.40684819392935,76.87054041492807,73.73715786637158
49,baseline,0,0,3.4780429933562207,52.970424342490844,8.097941465334138,48.48559062740369,79.29209236939082,76.42517676576729
50,baseline,0,0,4.9133796501443,64.9447202872687,7.892849694596063,49.02323396104013,78.74686551562478,75.17796807064072
51,baseline,0,0,4.6432814419812996,65.04683969737498,7.681447201965758,47.41034618047387,68.0396141093679,74.19175569611252
52,baseline,0,0,2.4603816192712085,27.02490448773335,7.859654714908307,49.06938480995393,81.68063797263592,75.42887817277554
53,baseline,0,0,4.635293350690185,56.17298563376583,7.870105039011804,48.3926962330924,74.17406277898415,75.66115112877308
54,baseline,0,0,1.2644971316373583,19.3278077171972,7.357727176710108,47.7851804906306,77.30231426785345,75.47948204919034
55,baseline,0,0,2.261486038802566,41.745610179466176,7.499976487978501,49.8755130108391,71.71745636208308,74.02634662068043
56,baseline,0,0,8.840173624006066,115.09715731791539,7.555174209723681,50.448967044257486,83.30227181849662,75.46799384114354
57,baseline,0,0,4.467893208220172,50.22416784215391,7.774400338740881,50.06524013396506,75.19018815293134,76.11699569194184
58,baseline,0,0,5.26174254720252,67.2791085221896,7.892123823882794,49.0593852490987,71.76488378889978,72.14243152724335
59,baseline,0,0,2.076033778672312,25.343298937578957,7.933573682932504,50.27053489485627,75.45801408418666,71.25812826784266
60,baseline,0,0,2.210498856381368,28.650341492326227,8.069724139282007,50.41308892985056,72.41643087099993,77.49096098307592
61,baseline,0,0,0.3418493755582833,3.550686273924177,7.398716195676535,47.54606308987505,77.73963274559978,73.82473314016507
62,baseline,0,0,6.2252090902942365,89.27313180660212,7.529873396112442,50.05837194197308,76.82980998123035,75.32934345697576
63,baseline,0,0,4.277627383042083,55.17331787200882,7.920718652451909,49.35847211628318,77.61155281005203,72.15366411810679
64,baseline,0,0,1.7290685491847775,16.95449421530674,7.553861667566253,48.08576229315567,74.33738756641483,77.68688075843856
65,baseline,0,0,4.483706514950356,57.85914518077705,7.784757806442567,49.02365504679018,75.08405836268763,75.9333813385459
66,baseline,0,0,4.671737641296771,54.36047851841144,7.620062104574849,48.06179502799661,73.26653547155732,71.2743226012708
67,baseline,0,0,3.9397678489591073,52.347972615355005,7.679774135586976,49.48491254020801,76.9936554168022,74.61635062025042
68,baseline,0,0,0.50391059816612,11.414889872015925,7.538672434353823,50.01231353704466,68.7670354166134,71.96692919460295
69,baseline,0,0,5.028194982442523,67.80115012208059,7.746110816455039,49.241941162303796,75.23670903011867,73.26906788904056
70,baseline,0,0,5.378863481894235,68.72567397979635,7.853268672955349,48.43996737650403,79.00413940139252,75.08944987326535
71,baseline,0,0,2.801907874284427,35.66404660594545,7.950261676559582,49.30524112835737,75.69286791950681,71.61650585878603
72,baseline,0,0,7.020956603367804,88.10609067841209,7.679989622203915,49.198976370599325,75.79441801865046,74.20998516640248
73,baseline,0,0,4.53613924564128,51.63036213982235,7.697328736109621,51.16218538305329,72.7994014831578,75.70533726106629
74,baseline,0,0,2.332841745304709,30.461397954868517,7.912269845898387,48.05811383303497,79.93389580554972,70.60538802428302
75,baseline,0,0,0.08531162368591202,0.0,7.900584321812555,48.538808540315735,70.8604468707116,72.85532515916535
76,baseline,0,0,7.377407571494551,90.51554680950923,7.9991795333618185,49.8806346714482,69.57687258693723,74.31147584208186
77,baseline,0,0,7.030413223366505,89.13589098122084,7.481958648925795,50.23405888932217,70.61512576376857,72.76010142079666
78,baseline,0,0,3.7466345469261126,41.50158798958155,7.479041296473834,48.7622150549071,76.63068050570033,71.4683428801176
79,baseline,0,0,3.285042225865518,42.74155303533245,7.713818958003234,48.78345125613575,79.35438705324151,73.3687308794131
80,baseline,0,0,3.995362263690154,47.939661305036736,7.725719765844182,48.803431566597965,79.42828092604302,78.6639578006389
81,baseline,0,0,2.488822819388322,26.92797510814523,8.083043768229865,48.01648114928141,74.98006580065599,78.17903326109426
82,baseline,0,0,1.424083462136723,23.225664368547392,7.824336687901277,49.694990994697605,77.2692281829278,73.10361846342278
83,baseline,0,0,6.58095991229816,81.61513212232404,7.731091275378703,49.45511345371279,77.03635342323139,71.85989576020593
84,baseline,0,0,5.813609785840217,79.87054927522219,7.782989267428382,49.667467767659765,74.12579758393613,69.74824960206762
85,baseline,0,0,6.958631296166304,85.95940438456937,7.90171805226963,49.02960131725447,69.5827498077039,74.0579109544302
86,baseline,0,0,4.045342994137852,44.22926918918534,8.130770778274071,49.559414580272346,70.79853117089961,73.80791349350193
87,baseline,0,0,4.448045140759364,52.19317923622502,8.038363535516458,49.86439853322654,70.61893653371686,72.48664116707084
88,baseline,0,0,3.537439286066415,51.512415814166275,7.317511804926432,49.050670333258914,72.90498786597851,72.22495852041834
89,baseline,0,0,0.0,0.8753693174089995,7.822551974363432,50.30555850035407,78.08328083208922,72.30766660588878
90,baseline,0,0,6.520244143682428,101.41245161246938,7.682524059862058,50.27603782444807,74.64864442997651,72.69178070055356
91,baseline,0,0,7.962862614903431,92.19876378883289,7.750016097504311,49.54152827589205,77.30178641708021,72.74785607856938
92,baseline,0,0,6.81439313971725,88.92274632202096,7.797384686201955,49.1650258923551,76.91496332434735,76.46968620978927
93,baseline,0,0,5.430281518282192,68.74389169475214,8.354673577910534,49.406965872698564,71.80615127779073,75.04437145995196
94,baseline,0,0,5.49886347082564,65.9098362071799,7.503791503389555,49.92330319670877,72.74653888441931,73.75950843502723
95,baseline,0,0,3.8328915305225415,46.66800490031151,7.924567551726939,49.05644128671517,66.03169375544088,70.98906372859334
96,baseline,0,0,1.0748019422606916,9.24678973138731,7.877618023651331,50.17250760554711,76.93739396214646,73.50597377846336
97,baseline,0,0,6.4276417926195775,71.1939513573121,8.171189614287487,49.11472968052895,75.82174632996463,70.57668454219291
98,baseline,0,0,3.4652466277524265,53.153333451696,7.6148865370006105,49.382469290902655,78.66152328265356,71.66465642437856
99,baseline,0,0,4.321167370567739,49.665222820756775,7.432305703532233,48.95607925788844,73.10807626578253,71.37390573366822
100,baseline,0,0,1.9170740220778055,28.632143450758182,7.960908606446654,47.70929420566642,77.99883341798133,74.49237045593826
101,base_1,0,0,7.867897434212524,90.7480311548446,8.117447167508596,49.37651174251747,73.08128335820864,69.05891671592866
102,base_1,0,0,2.160599733025006,21.79427631435268,7.470062449487035,48.55420906578194,66.50419311692991,70.28365591014513
103,base_1,0,0,1.1395249793728954,4.473645782065844,7.2514167395846405,49.08860649726723,73.35952093603174,69.65188467354913
104,base_1,0,0,3.511650865640292,68.75404861537316,7.463556813124666,49.81063356283189,75.0092683809847,71.38551236700435
105,base_1,0,0,6.718183469726758,93.23310813975598,7.152733019848957,50.25008529279192,62.002040131052475,70.32910865260206
106,base_1,0,0,2.511292134786675,27.411375888787656,7.3352582602297,50.41784474096326,64.50804021001593,68.0960078952338
107,base_1,0,0,7.021416131102018,82.2777176206846,7.529974373802081,49.20456481156563,71.57454990488056,70.28585565941988
108,base_1,0,0,6.45236871665704,73.83879823318773,8.340779158778787,49.266119927003565,71.50338862611197,73.24911442790275
109,base_1,0,0,2.0240282374268665,22.262420117452937,7.86114006908873,51.085413201549926,72.77133600965756,73.48404437542436
110,base_1,0,0,1.9097879501051334,31.492407880703105,7.109652789630258,48.73601629951268,69.30321890883639,66.02002839007356
111,base_1,0,0,4.481048774594807,69.72781614234721,7.518784469976533,50.07770647170609,69.01807658995581,69.23271897937788
112,base_1,0,0,7.124318049441411,90.0367251505524,7.6417745879947905,49.53790997759215,69.71966187176984,65.8666921933834
113,base_1,0,0,3.632888081250657,43.67818475454898,7.184386899851797,50.71717274134007,71.70372321711176,70.31864095687321
114,base_1,0,0,2.8748419191610983,32.8284310175531,7.041686906937919,50.880539976683494,69.0549563467787,69.00526295216088
115,base_1,0,0,3.9371313997632824,40.940404928264186,7.691854862091168,49.46979751384456,71.39831673478497,69.87381833480941
116,base_1,0,0,4.436214232141549,52.80781094240992,7.993134023796606,49.11274914212957,68.56392100847663,68.42902787075258
117,base_1,0,0,0.7321683560752886,10.098925571748874,7.1942859732683555,50.379064208258605,75.94191715743634,67.877312672567
118,base_1,0,0,3.264300263513761,53.17063554182463,7.551974277585612,48.84331635464206,70.8863639705435,73.57956221256977
119,base_1,0,0,8.1345046836145,104.27371641387437,7.360893436654875,50.22521990951585,66.76270116151213,66.27859501881494
120,base_1,0,0,3.071317685891024,42.40447991083716,7.8543748239981,49.349873436166824,73.68433081436491,70.46222505777158
121,base_1,0,0,4.354724504991799,55.57948044718006,7.322880822861359,50.92122197568265,74.2447336347667,70.5201296921692
122,base_1,0,0,5.317833558649277,66.52255015207109,8.08818551187612,49.70766698691097,72.87353978854148,72.45514376369236
123,base_1,0,0,1.8794468377898195,27.692591985013472,8.273901543628948,49.58807255524102,70.49311122020369,69.81272114602551
124,base_1,0,0,0.9733642090136969,10.01798756567375,7.542469316566894,49.062772103772396,68.34980523883885,72.16274271045214
125,base_1,0,0,5.553178501200973,74.38174069261073,7.44523536413288,50.909846951508264,67.11986117176049,69.11101359109821
126,base_1,0,0,4.429746693532574,70.08813806433419,7.192701308626206,50.477205310571904,69.2004811041565,69.89066249531818
127,base_1,0,0,3.3199137367261717,39.001067214066815,7.95975425714546,49.7922298002021,72.15545062877055,71.24310591789381
128,base_1,0,0,6.182107470916358,73.79763091531966,6.526271616429582,50.47762950770769,68.80504755292307,67.10426394518046
129,base_1,0,0,3.765855379982705,41.976753185846434,7.460725881294905,49.80726362784913,70.96041611155269,71.00055188086773
130,base_1,0,0,4.367603733359861,53.6655661464185,6.983634204800111,49.37533776163576,72.32498854027628,65.42964816822672
131,base_1,0,0,0.629601170311921,18.628043780037274,7.789319049507886,49.569603777962676,72.3055984045963,70.52682567138086
132,base_1,0,0,5.564447835801848,84.23455671033253,7.395564227362507,50.12806180193232,73.0399542908481,65.53497773755811
133,base_1,0,0,5.684268011725203,81.25858292405661,6.399422766381113,50.24351293282284,65.9442586057053,67.44926367214372
134,base_1,0,0,2.855795781127117,36.71668173340253,8.027464866066714,50.94258029299239,73.02150892452993,68.5123320763632
135,base_1,0,0,3.4938753971359007,42.16204706110794,7.855638570636411,47.82404546211954,73.3276481439428,68.58789189693572
136,build_1,0,0,6.684625781601811,68.39198730625583,6.902182006571272,50.408468476244956,74.77669355059847,69.03769290940103
137,build_1,0,0,5.653225902579087,60.6896833910384,7.780514138838141,49.260947351254515,75.05697328479646,71.17931715429329
138,build_1,0,0,0.8532574396063084,9.813121428342315,7.78421024952805,48.6075894227253,68.78550134029378,71.05900923123305
139,build_1,0,0,4.729588202082577,69.86181261313088,7.392712141602753,49.039172630585036,67.57682882637427,70.55245220434139
140,build_1,0,0,7.435519344363403,106.23358276369959,7.571393829876489,49.91176525949454,64.4327306107636,66.18700317747513
141,build_1,0,0,5.015343100839442,56.162477359874075,7.172900847250514,50.66289912887471,67.04029686847387,68.40449777674745
142,build_1,0,0,6.759479337132122,77.94662727387706,7.018302602615407,51.28777127657517,68.96157779105692,67.13676182896621
143,build_1,0,0,5.3384573187001605,66.96071314868779,7.434893465083965,50.05041954925579,65.69573349758357,72.19422820124262
144,build_1,0,0,6.804792051046913,79.43281593024466,8.214660498927014,48.66574175036577,72.17050515008631,73.4561564540805
145,build_1,0,0,1.4450244552213405,13.913543679485713,7.503873954485495,48.37578036881969,70.92221643750672,69.99383181750382
146,build_1,0,0,7.341178895166942,102.44816669542982,7.598869803253553,51.09881456698028,66.41574537750091,69.69138420470944
147,build_1,0,0,9.347911563597933,115.32611759171306,6.828647027133613,50.83115288786601,70.19394850487062,64.43606485657688
148,build_1,0,0,4.8394933722238695,55.81668734951758,7.750730054672935,50.04082728343343,68.66450675537885,68.840694289808
149,build_1,0,0,6.9753456255938,76.89928961513021,7.1666656961637205,50.04094409326043,68.86691387271273,67.9242661676
150,build_1,0,0,5.329497761202881,64.07749861705294,7.683741251418655,51.40277377675252,69.97628442806068,72.17713628001123
151,build_1,0,0,5.52603118634034,58.02083931290724,7.243228946188201,50.38769490330465,68.47693555878472,68.67140587023707
152,build_1,0,0,0.8356575581110139,14.675093794199006,7.405910561589426,50.09952872653098,66.07447759046084,64.88914783150784
153,build_1,0,0,7.1519622113336805,105.48694917841921,7.348170657558174,50.20750057383028,77.31153572943066,64.47673940777855
154,build_1,0,0,6.569646037212001,76.01861003396866,7.546950402053277,51.10725277613718,67.27106658800317,70.15038300691324
155,build_1,0,0,6.501584367000757,77.58353630921322,7.759523126287238,50.444633744932545,69.82237672231955,70.94959844884686
156,build_1,0,0,11.050679164566548,131.29243728785323,7.2511732535744295,50.71954860158537,67.26309152501116,68.1416067860117
157,build_1,0,0,6.987279911107255,76.29161662022457,7.686926503541898,49.2675687908727,70.181009141799,69.23286764141706
158,build_1,0,0,8.244049972666698,108.0759985874149,7.034890877879266,49.513359911611154,68.35516154687076,66.92068234844608
159,build_1,0,0,1.5411341204357973,14.537765183200948,7.444537478566239,51.51703396425444,71.88748699548026,64.1371811764212
160,build_1,0,0,11.273160000909888,146.74453102325867,7.575668745147197,52.248994324117255,70.24674716584855,69.57036160382447
161,build_1,0,0,6.899034266318509,88.67219958770602,7.0824579310196825,51.61653574847568,63.25296035330753,67.82897281389394
162,build_1,0,0,3.7067909155957373,54.6610646935512,7.192964588043096,51.721803024224954,70.95426756317943,59.86264499870807
163,build_1,0,0,8.624609623257191,96.64690435156761,7.164481952070988,50.13063312000442,65.78912910508788,67.85067164487451
164,build_1,0,0,1.6206337482596034,17.095401207897513,7.572513736891193,50.616927313605814,69.8323717995937,70.51953069865738
165,build_1,0,0,7.260640362219925,88.20441278322373,7.556625075637013,50.65235820651446,72.89889185546713,66.57002673580784
166,build_1,0,0,1.327647322304408,18.922676497388668,5.881644820566147,51.8500349478621,62.872011673573276,63.64821358998414
167,build_1,0,0,7.635115187950841,98.6902683124665,7.9019669729432875,50.24407321575811,64.87483590550266,74.49458369270006
168,build_1,0,0,4.361742706860956,52.64517129229942,7.45005743949018,48.87604852341329,63.76033877607067,70.98964040604712
169,build_1,0,0,4.733462212817248,57.208093430495204,7.025617516903061,50.322037938909645,67.98520288562564,69.5248366896392
170,build_1,0,0,9.121228923306084,116.59254705977864,7.513152716459678,50.19858496388351,67.55247089271344,70.07722343798581
171,race_peak,0,0,3.5317928634861175,39.89794552665972,7.091728280436005,52.929891339280466,60.14177780804516,60.29227216333135
172,race_peak,0,0,3.7178610503125378,51.37972425170726,7.143824473449932,51.03829411657861,67.72249015817998,65.4399907860582
173,race_peak,0,0,0.5858866094538064,0.0,6.693458654392153,51.74655631109399,62.61014383238672,59.744572280219565
174,race_peak,0,0,15.314318144350503,197.74549987512438,7.11808445287513,52.52134694872629,48.57084916697873,59.55822642367129
175,race_peak,0,0,10.322402844310382,129.5818655363789,7.447869815517635,52.19646856334127,61.86540258167467,61.445697960886456
176,race_peak,0,0,6.060161739163683,73.68183577569617,6.573629699680201,53.43399432031466,60.86291637682881,56.719421766317026
177,race_peak,0,0,4.435190791369141,49.098109619582246,7.819059647872039,53.91626655813229,63.60980106612879,59.114514619309894
178,race_peak,0,0,4.168672750716729,49.08958485087615,6.208923999298423,53.35946470500104,55.47745867484015,54.7391268584173
179,race_peak,0,0,5.7333918885436015,65.56647410724526,6.9409333826626955,52.57412985841893,63.236840053588935,60.9423456045613
180,race_peak,0,0,2.668703499014761,28.61356060842421,6.213431844477361,53.3416707990054,59.50046744331439,59.68837063581288
181,race_peak,0,0,8.698466020059815,118.87490216128745,7.338975717208374,52.234915285879886,57.97903734727164,58.07526047532014
182,race_peak,0,0,7.204128234251535,96.68844884230947,6.995301678356349,53.432814145217776,57.31164319461588,62.046415979731734
183,race_peak,0,0,5.650499795271566,72.9822632499872,6.343032266026751,54.49828339389306,61.07423553659433,59.64880548433117
184,race_peak,1,0,12.522275396330926,164.59174175037344,6.780711192476673,55.321406705879454,57.661791871787386,54.288169152741624
185,injury,0,1,0.0,4.348792173252676,6.3801124450835704,55.559579219253216,52.001514340113246,53.42836411722274
186,injury,0,1,1.677646760544249,22.7216252743896,6.371605131130069,54.80045352235707,51.5534730807573,54.33626416741747
187,injury,0,1,0.0,0.0,6.86933071528347,55.32824752742156,57.775856834714425,57.03382891329788
188,injury,0,1,2.5574262754718853,44.51759897328721,6.733837503463558,54.12173596887429,56.20549715085172,58.562148002795595
189,injury,0,1,1.4062007271983858,21.969503422220487,7.0658427135415804,54.32715044238263,61.441755903917496,58.819641127151606
190,injury,0,1,0.0,0.16684682735339254,7.418804567422906,52.446766991642086,64.64610310465912,59.70647468316131
191,injury,0,1,0.0,0.0,7.562613095325963,53.581554219910146,52.65297706702813,65.45018774001215
192,injury,0,1,0.0,0.9704424623619997,6.795999242571512,53.77133696439036,56.043546030751884,59.6095299239413
193,injury,0,1,0.0,0.0,5.905433484498405,52.321460499251856,55.492309480404124,59.97808655035084
194,injury,0,1,0.0,0.0,6.72457560343245,53.144417628929695,61.05513849248248,60.50277546461586
195,injury,0,1,0.8565636854077182,12.17357677331688,5.717420888393798,54.196549617354215,59.968430493332704,62.26060596871183
196,injury,0,1,1.2592153700491286,15.928386429419021,6.619378048966047,53.374621981351794,61.9455839968302,63.17551581071272
197,injury,0,1,0.32167168099746424,6.538842722964092,6.345201100689084,53.19254292059017,63.26955411017702,62.181605271179635
198,injury,0,1,0.0,5.516515713156187,7.1349508087718405,54.30310191897672,51.387137260604305,61.47919505355391
199,injury,0,1,1.1582989643366712,13.723872896954882,6.8443872136165504,54.58679685673479,57.460027816166935,59.74628898420364
200,injury,0,1,0.5130127476820127,3.123692542941142,5.5,53.97177598131129,50.386915922901196,58.16178734742516
201,injury,0,1,0.0,0.23957327626937794,6.406305791940348,53.315708865386924,53.922359200792734,60.03714935256829
202,injury,0,1,0.8733933929569104,17.2844408381303,6.785524493988529,53.816906540544,60.1630537684458,65.44692241912679
203,injury,0,1,0.11391131261647229,2.2270162886457308,6.645476923754013,53.413117415787575,54.92784842609962,62.16464591810443
204,injury,0,1,0.27868433388969044,3.220945936538551,6.633484209031257,54.523121474875595,55.23860300763471,64.26594313507286
205,injury,0,1,0.0,0.0,6.796867957934508,53.33693861811603,57.26872806365155,57.75013947626794
206,recovery,0,1,0.0,4.68825288251346,7.5902308203818425,49.7610523145373,64.6796705205731,72.6180324468236
207,recovery,0,1,0.0,1.0704482626885443,8.220740804294474,49.243517684088665,70.93288659721219,76.68929474292361
208,recovery,0,1,0.0,0.0,7.6787352606102575,49.74047538721418,73.69546766905935,74.48267225773142
209,recovery,0,1,1.1225355794973728,12.932099449389732,8.03445844083594,51.3191049606715,67.77137359781037,73.9536141442717
210,recovery,0,1,0.27798375964287914,1.3548266539829212,7.915594717316179,49.85602667197103,83.48166898349062,72.8124658282113
211,recovery,0,1,1.5623239378455107,19.469699856859705,8.129674843396629,47.91664700277254,79.23987464637464,71.81459002859626
212,recovery,0,1,1.342142193541271,18.87904293514272,8.219430886240989,49.86738295323703,74.05390964532097,72.41997675337974
213,recovery,0,1,0.28789226146215124,8.575090321732349,7.750708641881839,48.764521978728595,71.94952779028564,73.73093799943906
214,recovery,0,1,0.06060808717636351,0.0,8.02621945058017,49.95066463550007,72.08396393675055,74.16035030507017
215,recovery,0,1,0.4513215487279595,5.301921063467544,8.26224526951838,50.44088986014438,72.34949120253277,73.1027001947422
216,recovery,0,1,1.593255669106232,13.444886625604367,8.07966884439144,50.87492457311256,74.4247944540953,70.92935993047236
217,recovery,0,1,3.2613059919750182,40.86834522952069,7.937015775974573,51.269640220139,74.38352722363331,73.02603152778615
218,recovery,0,1,0.33254077021045,2.91067762592478,7.575077366460383,49.74038403292143,75.5887140022874,70.42617329275872
219,recovery,0,1,2.7529147301865176,33.43750183008158,7.653230839744843,50.7525468575024,73.14790911770812,71.63396962551121
220,recovery,0,1,3.549501101251799,50.849791758467745,7.929615517581579,47.66165303811295,71.6928043415306,72.65750885925686
221,recovery,0,1,1.213531628889405,14.766451327262402,7.725794639417353,49.254880481683024,70.09572325571563,73.74983586810782
222,recovery,0,1,0.9475261568808333,13.262121908844733,8.52254164897855,50.10689757598497,73.1705596722579,71.97258488601628
223,recovery,0,1,0.6598839428078591,6.63098960278154,7.940441790306353,49.01135876737175,66.15312223941669,73.21161593887055
224,recovery,0,1,3.8551562509718273,47.30427881967931,7.366679106183184,50.40250249814386,63.678076426889405,72.15928483219606
225,recovery,0,1,3.8106235276619804,44.962613586706425,7.9714432824053745,50.07140274375727,71.28760182721697,69.72966885233507
226,recovery,0,1,4.124390160481465,48.58947826974522,7.518853859988649,50.23720232369301,70.60625591000968,67.66827760323537
227,recovery,0,1,2.015525329067929,20.922195006832784,7.80119389441434,51.317483871705825,68.58904041508055,72.76656930826383
228,recovery,0,1,2.910541318745734,34.39900611568507,7.792823549335758,50.03450112923373,70.08072055543329,71.679210311342
229,recovery,0,1,0.7056216233016979,14.358013463009137,7.865510115630221,51.26263582737643,68.87155710919434,73.53590693134277
230,recovery,0,1,4.072443640986322,54.858279892242734,7.854566772330892,51.17485320334032,69.4250837148148,72.71852274223323
231,build_2,0,0,3.1751749781562513,46.749167962668174,7.897416458926097,51.340451575110336,66.15187092923803,72.05692622110145
232,build_2,0,0,1.653422184725413,24.70094028067895,7.433228220453745,50.726182112349036,69.82420930581243,62.99198267855075
233,build_2,0,0,3.7127422755002386,52.20418068568979,7.113486921570949,50.16336687253544,65.01843758082073,67.31179958533195
234,build_2,0,0,4.0233241322139985,47.49600727743957,7.551288586587756,51.77843142030135,63.89118988367259,71.95258617687924
235,build_2,0,0,2.4196701117824846,27.09174975918766,7.081040169908855,50.866615989071704,68.75098949082168,64.77471632262147
236,build_2,0,0,0.5424245361953535,8.369478515255109,7.645488032642788,50.289967742198336,67.66114464713668,69.31029411203873
237,build_2,0,0,7.513008273351978,104.40734476174045,7.210288233146903,51.602635476539994,63.340873108246065,68.36587599801926
238,build_2,0,0,4.591899429587329,60.335280328557175,8.056129876480883,51.220332759128134,68.92290265049687,68.02955096187249
239,build_2,0,0,3.7224006748980574,48.11807917976851,7.228997466102051,51.24029139414002,64.82293085744915,62.231511353608724
240,build_2,0,0,4.995203462794876,57.43465768223223,7.694412384316932,51.25614461010325,67.0105445080023,66.07787229032674
241,build_2,0,0,6.146754875354025,67.87171702568618,7.669647465793379,51.260900539959174,68.53933603253896,68.15689216270025
242,build_2,0,0,4.55070644339829,54.21119841584174,7.892597083221354,50.88658521572045,66.74092705566763,67.97992398838325
243,build_2,0,0,0.4232257679807662,3.143516622262343,7.487880187234608,52.62781738185397,67.90726213786714,63.887240001636236
244,build_2,0,0,2.7736236176585174,45.89135255130971,8.277961587919984,51.82082643252197,70.77158893072848,70.35810398922858
245,build_2,0,0,9.384596117068691,118.89251250845783,7.018154866789036,50.571458834274395,68.25174190594298,62.419064948808064
246,build_2,0,0,4.556942846146571,57.347214280346236,7.675264582330572,50.88182626672007,75.81251540591676,64.33354751581732
247,build_2,0,0,5.617990329543033,71.15595054627958,5.711884764438862,54.062219408542894,66.00102264220007,60.117959111897115
248,build_2,0,0,4.711787535126057,61.619089921275545,7.669156499964046,52.321633996758415,65.45490388128881,61.76504598076186
249,build_2,0,0,3.958200356760074,43.014341749361385,7.449460112902156,50.17824956697722,68.10009630770891,64.30237566095016
250,build_2,0,0,1.3200655594137327,12.02914492706943,7.335327861124009,52.656076342599704,63.05805506554677,69.2813469745631
251,build_2,0,0,7.504526707041262,100.88828955725549,7.470740134206669,51.68417778995265,69.80635265397957,63.79819088577083
252,build_2,0,0,3.5976186172386906,48.02000066616366,7.162847885159273,49.78145253640919,61.72179557955815,70.56919771823242
253,build_2,0,0,5.97214660537629,76.87891480288182,7.708643668757402,51.50946864477815,69.90530380345916,64.58110737514042
254,build_2,0,0,4.816344543477775,62.90163086691578,8.054583083400232,50.70796170168556,68.36693186114753,65.52786824236094
255,build_2,0,0,7.557306194987408,87.60094403955912,7.373601352431705,49.990447211318575,69.31997225658154,63.235368166189275
256,build_2,0,0,6.841787290513544,80.53260984911334,7.5196085662753855,50.586464757305386,66.2887298710995,64.36462947007436
257,build_2,0,0,0.7008440658225321,3.349520452551049,7.578795603082783,50.24246841337876,58.30221191127879,66.80939648009831
258,build_2,0,0,7.154036480365075,89.00931358916068,8.351335749652154,50.802332630629735,68.45502742690417,66.31478029646972
259,build_2,0,0,7.582248692139977,94.9637245095391,7.387677889609674,51.66837346529723,69.72068500825554,65.64087480900913
260,build_2,0,0,6.481182126196382,79.27810346505441,7.167589209812224,51.242459127478014,62.35529998522172,67.21587522953843
261,race_taper,0,0,9.773196718238292,115.15070757284161,7.618431548388385,50.15409234747228,65.71285891516607,66.36648981320596
262,race_taper,0,0,5.9279235547271885,73.1867636625482,6.946476384446914,50.39952200018759,63.95569272796462,66.21345166575162
263,race_taper,0,0,4.793688690811431,57.38299922754556,7.932974958129291,50.794466719768295,70.66038065451124,68.84255412598766
264,race_taper,0,0,1.1371038985980593,15.99453494592145,7.579687268403016,51.53043176200378,75.02821492272629,66.67504023771666
265,race_taper,0,0,6.976641201025619,102.97240643255229,7.8861019207241565,50.60832521191817,72.36542135088892,66.14394910180268
266,race_taper,0,0,10.444117340714099,136.3387747991943,7.9743360469739875,50.135662482853654,72.44421393492438,68.54682183181217
267,race_taper,0,0,3.2956303405852525,39.591651257676396,7.937025656501181,51.28364124982043,69.45889848960108,63.60288518626306
268,race_taper,0,0,10.000584322425922,130.7754223366937,7.752682056393328,51.997719670637984,66.51290447078406,67.45046051062663
269,race_taper,0,0,8.18859736826019,103.58328637281119,7.730321911432197,50.946876564036245,70.77117957851691,65.49080493098913
270,race_taper,0,0,6.230575465000379,78.18176178468111,7.597702429789637,52.20850396341209,69.37503281530921,67.15780326435295
271,race_taper,0,0,0.9926426413815861,14.670214943434376,7.680831610649692,51.244789165114035,72.6005159611903,67.46971538223666
272,race_taper,0,0,5.873329674935026,76.25061629088974,7.861545936523552,51.32002004708966,61.912165292074306,70.81209458702978
273,race_taper,0,0,7.118335804756359,89.80732588900221,8.168673169435678,50.567676360234856,74.49835275540681,68.53007599305603
274,race_taper,0,0,3.3138034177797686,42.410330232344634,8.238446353874382,51.74602676514931,72.27012307106605,70.75871617475723
275,race_taper,0,0,3.391892775084938,41.69263607445638,6.7073326646208065,51.56172508657934,63.36367019842324,65.91459603602392
276,race_taper,0,0,4.652086725074068,55.144281429101255,7.435355614549479,49.39894907946588,72.5609655566398,66.79665561447132
277,race_taper,0,0,5.258011649839815,76.28088468043623,7.284497102492966,51.340217724636624,71.97762474910789,67.50744062906584
278,race_taper,0,0,0.8703403756200608,15.201821503108068,7.420595556069412,49.71078222450734,65.25229353535573,64.32214903577406
279,race_taper,0,0,6.280178618608471,89.71798947908964,6.47079826202268,52.713823150349086,73.05522081809109,66.11758133549185
280,race_taper,1,0,13.404450898414764,191.150769738492,7.716270876804558,51.260284572763766,64.22878020698005,61.47451479891757
281,marathon_transition,0,0,2.005329367455177,28.688520247356863,8.126613468420746,50.65074155435106,72.35603051833219,71.15160277624805
282,marathon_transition,0,0,4.219738664738226,46.930496955646326,7.716974149516538,48.910103009842075,70.51452321140268,70.56672596530255
283,marathon_transition,0,0,2.78569145734126,34.4785301685577,7.886382332592353,50.924446147725526,67.96246913527986,68.39500070328003
284,marathon_transition,0,0,2.437720732959051,25.300388543831595,7.748811141210848,50.42698488952639,68.14818680378536,64.75305507474562
285,marathon_transition,0,0,0.7080212037506907,10.502933701679723,7.646328381934796,49.544044846273444,69.75352092077885,70.73494247773958
286,marathon_transition,0,0,5.243070250125952,68.40663821673438,7.978522293045066,50.780025568678205,71.06927751291722,71.24145699557319
287,marathon_transition,0,0,3.2458067660236223,44.37581475934223,7.613985485422686,49.5994437000596,73.38852044156381,68.5801045316246
288,marathon_transition,0,0,3.713245327529103,46.82316150540025,6.6441605979707745,49.289218689368106,67.98059927295576,70.50771742295
289,marathon_transition,0,0,2.7333615819555632,32.93055778252152,7.653630008248899,49.79894717501528,68.49203209850216,69.07782606397123
290,marathon_transition,0,0,4.648436308625178,58.78562978592336,7.092226692142629,49.73129169671002,72.27263999156567,70.08549230106144
291,marathon_transition,0,0,1.7832850003584295,30.73292203917499,7.782334583830494,50.0305034779854,68.4700014724608,65.73986760263074
292,marathon_transition,0,0,0.49705549749624,1.9620153784300687,7.264011618480576,49.56437358459849,70.08099939814991,69.90289465938972
293,marathon_transition,0,0,6.042660274601219,87.90561485110393,7.760992946224134,48.508243275609814,75.1382083526778,73.44209610268442
294,marathon_transition,0,0,3.7342703643040505,54.677829481542155,8.105233685215191,49.39641928997107,67.15203828702357,74.98206360525987
295,marathon_transition,0,0,3.494315821398873,47.682158872987216,7.900401185558449,49.574135371134254,68.84013509076956,65.11998493822868
296,marathon_transition,0,0,3.516165275797998,39.23863297191276,7.546620719565308,50.169373018159106,70.50910934831252,70.47845791585928
297,marathon_transition,0,0,4.70833460792614,59.54116434988837,6.710020341558253,50.60173062639521,71.93105033933467,64.70287056509571
298,marathon_transition,0,0,2.666263114869354,30.821463238194482,7.690382810318178,51.995686722116744,71.58084316931274,64.60292941981992
299,marathon_transition,0,0,1.5252968694483493,16.972746507540002,7.982467708152735,49.90974081035785,70.26388981834666,73.34828905239598
300,marathon_transition,0,0,3.172584165971669,42.52436947580006,7.894820946663685,49.490498037213115,73.36793716122015,68.5337188398374
301,marathon_transition,0,0,2.5118531379587985,41.04753791833185,7.585186912077418,49.728648251930586,66.61487928966378,68.25642617996523
302,marathon_transition,0,0,5.512796194317027,71.9481367789675,7.538892224914272,50.49725089993578,68.51801515927671,67.142465251006
303,marathon_transition,0,0,4.444147527287787,59.38946848471511,7.606861267991991,50.874789747617484,70.31736101488985,68.83646516569576
304,marathon_transition,0,0,3.9471656439757234,47.49770888142507,7.935674625994095,50.91828088557053,73.31451274529559,71.42210670298716
305,marathon_transition,0,0,1.6778571751382665,20.91538772267794,7.3678254054900485,49.78427496845351,74.40187306530099,70.3948313762395
306,marathon_transition,0,0,0.7973238951310703,12.943836585144528,7.60685668141738,49.724684328713266,68.7918184424422,65.08835221382645
307,marathon_transition,0,0,3.2262608411481475,34.65309013150027,7.213601649712857,49.44411709460153,70.12894981185636,70.14512908011629
308,marathon_transition,0,0,4.61452903270439,60.545121499928584,7.643604876520663,50.14311754905439,70.9368210020943,68.2310454516982
309,marathon_base,0,0,4.373027775845795,57.95721190662371,7.490861851544466,52.12714402662965,72.22223054248698,70.09666621281546
310,marathon_base,0,0,3.9656099215543046,42.30277202500924,7.771640828496141,51.85860461605812,69.05030120438056,68.6706971908809
311,marathon_base,0,0,0.6541863033371973,7.108637813170139,7.251254367786993,50.218200124806025,68.70630676390884,72.29724275588754
312,marathon_base,0,0,3.785299065043083,56.34020989808587,7.704035899373909,49.91537622412638,75.6721025143178,73.26169530504654
313,marathon_base,0,0,1.2485418830828976,26.39983625907444,6.5035478291840105,50.532782328197634,59.45870725243056,65.72775803123052
314,marathon_base,0,0,4.189771458891461,60.012872849904106,8.080393957689967,48.43781276448458,63.74997425997463,69.88545071912124
315,marathon_base,0,0,8.816893075404947,117.7012265185469,7.217232237741238,51.62223129847171,71.65851054894999,70.09294232033693
316,marathon_base,0,0,2.320756715524235,27.421159897932785,7.3216840398075735,50.01316626249295,72.42335519053071,72.3195106854479
317,marathon_base,0,0,5.304048304933014,67.03662569169884,7.916546786220038,49.97921747780993,69.33384560845391,71.47926577758571
318,marathon_base,0,0,4.009068675749644,47.162143211924786,7.774393047266673,51.17204768594558,66.18846528070559,69.280400042965
319,marathon_base,0,0,4.174056333939131,54.733048082216364,7.058097440861043,50.83781561281974,68.82825780754891,68.62414501014534
320,marathon_base,0,0,0.0,0.0,7.621518845571562,49.1609419705057,69.66955624981809,71.42329106076386
321,marathon_base,0,0,6.864478244039864,93.87034539771516,7.486355925742047,50.4971325943806,65.1238497468066,67.56164013723833
322,marathon_base,0,0,8.76985517619723,116.39525165379852,7.888143589156915,49.80352327164566,65.10143246228006,69.38850914694521
323,marathon_base,0,0,5.904232014501058,69.03731694797334,7.69005110706981,50.95975178389062,71.09256725321865,64.39906543349696
324,marathon_base,0,0,4.921343436446725,64.4966541191968,6.653449097211959,50.27650657842331,65.6465672272836,64.80581478941926
325,marathon_base,0,0,3.078458918246793,38.8282111498087,6.992260752737839,51.69900028261001,72.64731342343825,64.447246000903
326,marathon_base,0,0,3.9222463236870992,47.38316682589888,7.0277125853149665,51.5382587024483,71.09309823507361,66.21394183365113
327,marathon_base,0,0,0.4661290316370802,6.254383163390261,7.158560947497329,51.744883303485175,67.98730268355399,65.67495750861276
328,marathon_base,0,0,7.972501350765304,113.7827997583984,8.037206963127735,51.157084157206526,69.07713725469591,66.98395105125093
329,marathon_base,0,0,11.309971484663098,137.99128087706154,7.3938897492793005,51.00871636352745,63.45464314415589,65.38900055217958
330,marathon_base,0,0,3.4710707176703375,45.13427524099203,7.9534149009551065,49.21759070361512,74.12534779133892,70.63880972145328
331,marathon_base,0,0,7.194481940247611,87.27226848063901,7.920352608344727,49.073338494716,74.76260937150744,70.0105594494721
332,marathon_base,0,0,4.196451194923658,47.44709278481474,7.570039947728744,49.92690549778408,62.9017416902593,67.11630847289678
333,marathon_base,0,0,6.9056219831630665,83.32105161361203,7.749497670348102,51.44562625558424,62.24507119603748,67.91783058968956
334,marathon_base,0,0,0.10620603235738668,0.0,7.99877709942626,49.11356105591915,67.95727623924802,69.68381449583174
335,marathon_base,0,0,7.181179086573712,97.04425010796776,7.600956833056569,51.14680677514009,65.7223502901322,66.45718307570974
336,marathon_base,0,0,8.65313611303863,117.47804480254108,8.294206941458341,49.735777879925664,67.41362206796809,68.5654680380596
337,marathon_base,0,0,1.354844990646602,20.58824560547923,7.723471815519243,50.56034555405708,71.86125699780123,68.87076761249884
338,marathon_base,0,0,6.636604913644178,84.81137410661489,7.204894047967797,49.78690747921792,73.47304880558444,70.13482539195557
339,marathon_base,0,0,6.786020012418165,80.92811333735426,7.880304006297559,51.47132327128739,66.79366658853958,68.97866498168209
340,marathon_base,0,0,5.820059541903452,74.7956774932214,7.64242558141426,50.2524842754089,67.84846101672397,67.76290579232173
341,marathon_base,0,0,1.4047785203437302,16.319538077559354,7.669787773966166,51.2869674532398,69.98767233239853,69.71634259705024
342,marathon_base,0,0,10.55118959688959,134.69039988872734,6.850210501979168,51.902424627827365,66.08577898176814,63.890440906399746
343,marathon_base,0,0,9.310741935757482,119.48533395459792,8.002341473451587,49.25327354778838,69.54913983370942,66.75560624348437
344,marathon_base,0,0,3.1484104386439165,35.70606765389516,7.8806860434309485,50.42839603760244,66.05125426686546,69.46162415836365
345,marathon_base,0,0,10.177925680306187,122.45600794950751,6.798635211152625,51.79285562518478,64.24460649235301,59.81266131374663
346,marathon_base,0,0,7.464192264439566,87.59417871517459,8.293513628361254,50.034713175285944,72.43046329879618,65.67575989464343
347,marathon_base,0,0,6.633965104749874,76.90885416619899,7.503757603425166,51.720128038968845,64.92039160056044,64.33085285042215
348,marathon_base,0,0,1.4292058691797622,28.75192475008364,7.294477262474896,51.84272091094065,63.01889024100412,64.51598817025356
349,marathon_base,0,0,7.4307465985768095,101.809750335412,7.9948975721676145,51.372116109531085,62.07940010539053,65.97092916621402
350,marathon_base,0,0,13.327071334937182,166.940253792537,7.551647465215963,50.78226534453313,69.30626907879876,65.17854521112146
351,marathon_build,0,0,3.94814520070494,41.47026416893142,7.29885654454938,53.00235618053736,62.0917825931802,62.49086513332655
352,marathon_build,0,0,6.715535485034802,76.40686755886892,6.977014078750278,51.01406349445048,59.300413414540465,62.92784355779555
353,marathon_build,0,0,3.4583398055072787,44.94651753404041,7.6421809377721015,51.61591387118658,65.59574905872937,64.73812239117898
354,marathon_build,0,0,4.548754189801566,46.84588629848838,7.135676302744658,52.5505374638004,61.30472773047191,64.2038765213882
355,marathon_build,0,0,1.519813844487508,21.230943697890325,6.551542146342432,52.24503627763761,69.29137677513349,63.23440339800461
356,marathon_build,0,0,9.380529526368228,116.88556721115762,8.034813435995801,50.95740217855112,62.28630650209051,65.10170107383816
357,marathon_build,0,0,14.17112204106402,186.15225478234208,7.638393580117892,52.580600475917834,66.65299712775398,65.75430066140088
358,marathon_build,0,0,6.926147810742693,80.19369216332235,7.679309050784242,51.364857582883914,63.56494460350339,63.453336750311195
359,marathon_build,0,0,8.810965058865115,104.75558400877505,8.077102080599044,52.23023081456583,65.27743838781568,63.29983283890354
360,marathon_build,0,0,4.2082325545857575,46.81808763429275,6.934883537887215,52.37759162176718,66.70500847573861,64.37117074030698
361,marathon_build,0,0,4.224077051397647,45.09544570377034,7.394870426091519,52.01071657679915,63.46907153794116,66.48626552575375
362,marathon_build,0,0,0.5017956155299585,8.700067854700842,7.800749189911047,51.406875266038746,55.60760337956745,69.44507852818256
363,marathon_build,0,0,6.183525606315789,78.9343984498638,7.057071872407428,51.87259449534646,59.25248763343977,65.39478513010759
364,marathon_build,0,0,11.53739254586404,154.51864396452373,7.173881600476869,50.85508063699412,61.53308036152043,61.66867050999596
365,marathon_build,0,0,7.76515191755099,94.27247086365833,6.901476288552803,53.128145366048464,64.28596058703027,67.11935148416251
366,marathon_build,0,0,4.642734862982231,59.18616895360389,6.868321606477202,52.54065195074732,58.041706911706136,60.336124636465186
367,marathon_build,0,0,11.86867705679365,140.07707142875682,7.068494658207912,52.831035482763184,62.15414433859906,62.460593251584825
368,marathon_build,0,0,1.6302382255747738,20.097573424059036,6.871402214574056,52.73948462460269,59.97429746874198,68.05783805501477
369,marathon_build,0,0,0.03180375580906569,0.0,7.163184927600289,52.55421452038691,64.80921438993998,63.64447040126261
370,marathon_build,0,0,8.624642684986105,112.7461713984189,6.873815938509473,53.513633848828164,69.73962973350814,61.692523062491524
371,marathon_build,0,0,9.748173651747498,122.26779679970977,7.643476879002924,53.26318444968993,62.033276023117345,63.01002404707322
372,marathon_build,0,0,5.3999947395742875,63.50966802977652,6.71212049929377,53.74494630267588,58.702178291504296,66.28773993707149
373,marathon_build,0,0,6.223878926411213,67.85075549125581,7.460621021260358,52.089024897505894,59.663877101931575,65.97263302930278
374,marathon_build,0,0,8.92773634845161,107.34799272329631,6.3794947184767015,51.3393604709839,61.140838851213076,60.98009532931233
375,marathon_build,0,0,4.368328060594856,47.125734591779135,7.089361726385421,51.1403666260014,63.691115487088865,64.20667691479431
376,marathon_build,0,0,2.132962650025698,27.051199186384835,6.669897816203765,53.41506446789128,66.94326620630507,59.85080910705664
377,marathon_build,0,0,9.204642715152188,109.33073752071087,7.026833860426619,51.41390270680403,68.13310415536804,63.55136390815214
378,marathon_build,0,0,16.075512916639788,199.1182442101035,7.335289423659928,52.92346931186915,61.96962004752914,63.56303870833268
379,marathon_build,0,0,2.4258974542947263,27.681272109056366,6.263604973921699,53.93870508188281,60.41358407795967,60.81927156036623
380,marathon_build,0,0,5.649994832859375,67.78714097883396,7.504569193749031,50.22197705839053,63.92812110478477,63.885696805111
381,marathon_build,0,0,4.394060587935739,54.13259067040359,7.5024589929020635,52.174841048191375,63.817672353540445,63.567763061588025
382,marathon_build,0,0,5.78576018090753,71.46469665147914,7.489215792578079,51.83356368033807,59.04348622809079,64.86393823984378
383,marathon_build,0,0,1.1837927180693668,20.474164696366625,7.473208832266078,50.2598537812487,59.10242675890649,62.46565501864852
384,marathon_build,0,0,6.531426941531354,92.43831713270593,6.827019303164786,52.9570121022245,57.98535819277214,63.462957299515516
385,marathon_build,0,0,15.162951066897364,190.57049301742555,7.0710851629211655,53.072268070356124,62.982747706671894,64.9237606183289
386,marathon_build,0,0,9.757307450380646,114.62958313662205,7.6448086915423,50.235710452569116,65.83233701816175,63.250451558277405
387,marathon_build,0,0,10.181760153360932,119.36144385236325,7.1881548579828,52.260932997639465,65.29036842572087,56.59774015262211
388,marathon_build,0,0,4.01418846793238,50.73054795994095,7.768956132105121,51.857082564792236,71.49054316687437,65.05969844545545
389,marathon_build,0,0,4.274397261629728,53.18323871031103,6.915095725929006,52.516720392451404,60.55842287443454,62.46563945629694
390,marathon_build,0,0,0.8750507957109395,16.650782736066056,7.673735707565472,52.47546304359042,67.42390774271576,66.03939682246569
391,marathon_build,0,0,6.597310602039202,102.43419501760634,7.36464736865889,51.48046977738953,59.224953040986136,63.714664926305524
392,marathon_build,0,0,12.067440815515832,158.04947146790957,7.28765544106562,53.405397578923434,65.53990544872165,65.09122346145303
393,marathon_build,0,0,6.225264674491484,75.88727245533393,7.413853310492512,52.77019368501743,63.946634683808284,61.88036259210403
394,marathon_build,0,0,10.699691927969173,135.7266806603303,7.176794061321225,51.71741835852515,60.854556600596894,59.76076008032756
395,marathon_build,0,0,9.525268551057808,118.36662182419792,7.658635989252342,51.352612583491855,61.637926800123466,66.44523968944185
396,marathon_build,0,0,5.605540406948265,70.36358284990358,7.569503135796907,51.63752830840055,70.08225603725333,59.47505792400144
397,marathon_build,0,0,1.5630664714661189,20.058161782177287,7.50966535559912,52.326929715391756,60.629409290834225,58.6832643905898
398,marathon_build,0,0,7.126038924862603,107.632454933335,7.35246880701307,51.978660228354265,57.82107927938758,61.93254463773955
399,marathon_build,0,0,10.436893470415948,133.47753372172917,7.64396780552858,52.560423153965495,63.77916950445714,61.929583005373615
400,marathon_build,0,0,8.443068474103109,102.47206597645466,7.864482120462906,54.57596610031365,62.354074056972536,61.31023111297176
401,marathon_build,0,0,8.590355103512064,98.12800611075224,7.8345018893416265,51.66228535467589,71.27343355326067,60.78295560755866
402,marathon_build,0,0,8.729558559666573,102.21608464616101,7.0583137146118595,51.287940538253714,67.33790768852934,64.98378069115165
403,marathon_build,0,0,7.141723043221229,87.56408639211959,6.209155551076631,53.67557081025094,55.37881597064366,63.106304765484595
404,marathon_build,0,0,1.4483773924035903,21.867071358739324,7.285916409347854,52.209569523065845,64.24628849862144,61.09327504243825
405,marathon_build,0,0,17.238731270325417,214.74965341414267,7.403717678496055,52.99695133686522,64.7127440750277,62.170990100472906
406,marathon_build,0,0,10.473330771636881,142.77020650704412,8.074084429897733,52.98792276082907,65.8354411020235,61.35205788819829
407,marathon_peak,0,0,11.153439380278359,140.56820342226635,6.824095264816328,54.64522061418345,59.63274265968446,55.21315033900576
408,marathon_peak,0,0,11.364247645399692,139.78192281520063,6.587943915081535,54.08928500129807,55.02228034501825,55.37816812654793
409,marathon_peak,0,0,5.585265143586673,70.10236853882726,7.075553696862598,52.899017190411726,64.07018393271106,55.207528065867855
410,marathon_peak,0,0,12.496171504044435,145.90787820321526,6.737634245460848,54.067791240617126,57.47691057346413,54.53154636382981
411,marathon_peak,0,0,1.363968202780927,17.38262666149538,7.4646260897034695,54.12436302005779,59.51090602105044,58.02181843833191
412,marathon_peak,0,0,16.365907247521093,217.32372146776973,7.015474483992111,52.76949339344822,60.09584501098544,57.23289597148212
413,marathon_peak,0,0,18.21458333388136,230.3194542593326,7.39251448785353,52.544305885388425,49.64846500254115,56.587908522609496
414,marathon_peak,0,0,9.124213336410426,106.43437922647425,7.074927612996273,54.58320869315274,55.338564768211626,55.92665436474615
415,marathon_peak,0,0,11.110487840539724,129.07778723744948,7.440974547803846,53.03322529063362,55.59406979269647,57.22309724677719
416,marathon_peak,0,0,6.744973987176938,80.58063311290518,7.130802285772794,54.359014368161795,61.02900096225636,55.08975570832143
417,marathon_peak,0,0,8.54817654633498,101.91102718735492,7.082171199093798,54.54433954018979,57.17150004785717,57.37690712714169
418,marathon_peak,0,0,3.165785399970703,32.81343924246955,6.469773235594079,54.18110806784082,53.02141017182134,60.55377730135617
419,marathon_peak,0,0,16.07545854599515,201.88340952909243,7.537524103664197,53.062262257948284,57.48263336319334,55.14642244634764
420,marathon_peak,0,0,19.09031064850022,238.05851939149838,7.375703143600446,53.49452665463648,56.64316703002895,53.10508385821304
421,marathon_peak,0,0,11.27970472972392,139.71233569049545,6.9584985386806295,55.07328479644846,56.10409267336695,52.54137104491619
422,marathon_peak,0,0,7.467304088651968,90.90821576787346,7.593823013121968,54.664456575821134,56.7052054186151,56.85340840562793
423,marathon_peak,0,0,10.681613921287749,130.07329804113724,6.641646922910436,54.772069848900856,63.972429270263646,53.56450660128934
424,marathon_peak,0,0,9.018593479079394,112.36759431064401,6.942993207220374,54.12238066190208,57.59585606876216,55.5283749707353
425,marathon_peak,0,0,1.9403607310499487,27.57637944443365,7.020485377551959,52.254807642479896,52.43586549869321,50.62694709505402
426,marathon_peak,0,0,12.456278671036205,168.8212081325672,7.7624535659264176,53.23076448824642,61.20114304445845,58.020446871161674
427,marathon_peak,0,0,26.24195341751968,324.863189637184,6.986671756098729,54.76988800745064,57.25515470395365,54.97158383963712
428,marathon_peak,0,0,8.117454469376401,99.99560037067367,6.685661572405871,54.1242149998139,55.60707264079921,55.65062679872495
429,marathon_peak,0,0,19.772098487362015,236.1958770340861,7.044756429632506,54.158093173331636,61.76237418440011,56.483504653987694
430,marathon_peak,0,0,17.43430967851747,205.66771195314087,7.367018217306917,55.529984190694876,57.948592214961664,54.96007349490866
431,marathon_peak,0,0,5.411556334772533,64.2701549337951,7.148935863443531,55.4003014715262,53.51191171368582,55.5426080364071
432,marathon_peak,0,0,1.256569503947159,12.892057364284883,5.828269479162074,53.68065937345119,54.54205020127743,51.64612056770142
433,marathon_peak,0,0,14.555992133137826,173.90897988746582,6.593272377098938,55.20068980645808,53.065476328274215,55.208108081032705
434,marathon_peak,0,0,19.863194657059225,236.6130562131037,7.049133432214099,54.96213632367451,57.34976426693595,54.25794008219748
435,marathon_peak,0,0,9.664775582666483,116.6320973983192,7.186797884911374,54.81207346229049,57.72251763290711,49.272654905193484
436,marathon_peak,0,0,12.794054299246818,148.71117404454512,7.098886612204565,52.50462891920727,61.19188167657345,53.27066561257571
437,marathon_peak,0,0,15.698188009295109,189.2726020048579,7.141692570891952,53.73362502558687,54.799410876660716,59.15967025316024
438,marathon_peak,0,0,10.613400903235643,131.44629720671358,6.674774186049383,55.293461498827874,53.343530550146646,54.33766499062225
439,marathon_peak,0,0,3.3081311363632087,39.88913955166614,7.41207595971564,54.81857367142696,60.229388951688726,53.496645901204
440,marathon_peak,0,0,13.67372418147465,174.94128822239435,7.00807006934931,53.12607031758491,61.82554354445255,58.45908520308076
441,marathon_peak,0,0,23.743666763117826,285.62095397778046,8.20772613778026,54.214190559423166,58.559832773298176,55.95677497602737
442,marathon_peak,0,0,18.621370226167034,230.43345332643955,6.404917414384247,54.0681984508197,51.70820761349328,52.84381843766137
443,marathon_peak,0,0,8.876975471048967,105.27655346116114,7.359429034920672,55.306792870020345,58.00234304993751,54.75861731061406
444,marathon_peak,0,0,15.4499714029844,190.65454138459728,6.900067908974603,54.86245487848099,55.154765588077794,51.68807288736586
445,marathon_peak,0,0,13.653904556827976,167.74813680895616,6.882499746026507,53.38017675579613,45.415753530702844,50.0816893605904
446,marathon_peak,0,0,2.079357108850013,21.90477059625112,6.278357776625512,52.884039280858154,48.7125836040845,52.54340126242558
447,marathon_peak,0,0,8.99907858798307,124.89897570553042,7.095616279780346,54.297767972869224,51.788752137472194,56.30880556862001
448,marathon_peak,0,0,22.85201380015646,279.08947950440273,7.332040019521046,54.071001414957024,54.00453620847115,57.70026880003074
449,marathon_taper,0,0,8.141133695231622,95.78586149210057,7.580147028857166,50.71517584584534,65.29922717286954,62.1413127529994
450,marathon_taper,0,0,8.484758001986368,101.87001851173103,7.814920889461252,51.16571949831547,62.74777528349582,64.24052157596331
451,marathon_taper,0,0,6.5776986133823785,79.56233356811923,7.831157633900162,51.752531478935246,69.67713512331018,64.82289233616775
452,marathon_taper,0,0,5.957355771689957,75.78488661693268,7.7346246578366875,51.51538841169578,62.17336340231441,67.13220558380726
453,marathon_taper,0,0,1.048491180820192,11.306228309327429,8.012360154133498,50.25912578061367,67.81238336358176,68.17717193026672
454,marathon_taper,0,0,9.321619262331046,111.27561282127215,7.961180698707323,50.703495353053796,60.77529911957802,65.22422194247541
455,marathon_taper,0,0,10.208387621491006,129.88556605490396,8.173073337148775,48.66782423444322,71.60551541422122,69.2451020555741
456,marathon_taper,0,0,3.074312408108176,31.511122439884595,7.615941536327963,50.680213085347276,63.118053908473605,67.59483494339851
457,marathon_taper,0,0,5.911398673142501,66.18290756561674,7.483212952349665,52.09320647479642,68.36639034985794,67.73336460240175
458,marathon_taper,0,0,6.225897098720239,74.6713792011578,7.812620062068964,51.17610047132863,67.18105306206685,67.21465752326309
459,marathon_taper,0,0,4.234319287749762,46.740484659452335,7.280322812098966,51.82070153324244,64.86781432670409,66.48755100266847
460,marathon_taper,0,0,0.826439792910157,15.181318005238111,7.7410189860758,50.697246097215164,58.69552540235116,69.47104671316463
461,marathon_taper,0,0,9.022417481114525,125.957414937623,7.702146874332071,52.03303818822948,65.99887732935376,67.55361891316751
462,marathon_taper,0,0,6.518074429752663,94.8238913930399,7.509520901911823,52.33752418861584,68.92527113483517,67.51947791610858
463,marathon_race,1,0,26.595088212953122,348.61426842296476,6.236056968633096,54.1481205915554,48.03443425407205,50.96779543129975
464,post_marathon_recovery,0,0,2.9301240650454137,33.61416095666986,8.260943020766215,53.21110916831705,58.30485370257347,70.05454423670754
465,post_marathon_recovery,0,0,2.2822984073796224,24.279028838765992,7.5448851735242695,51.59211189257745,68.37453553277399,59.453641174200314
466,post_marathon_recovery,0,0,1.8925401879269343,18.2571473237271,8.172487055186943,51.503099880532574,66.23683681891914,63.394907321752484
467,post_marathon_recovery,0,0,0.5420732929641882,0.0,7.712734131354508,52.42956291069385,67.34852241197437,64.30404098620446
468,post_marathon_recovery,0,0,2.2915617217041317,32.465897227994866,7.515465967024085,50.6933726680945,69.5482607821274,61.589096939247035
469,post_marathon_recovery,0,0,4.14751685882187,48.5669374135702,7.903560115516624,50.6200305917396,70.99956203889832,65.62677131568185
470,post_marathon_recovery,0,0,0.6838205860477362,12.590437106796323,8.169611140345246,49.77015096840357,67.78374066732286,72.86172947576968
471,post_marathon_recovery,0,0,2.353971089826849,28.275065751122543,8.225235584623142,51.405596579444044,72.93878814352345,69.67555446715558
472,post_marathon_recovery,0,0,0.7985522749833921,7.4954709581187275,7.650006734511373,51.336176522361555,74.06536999907844,68.17802772954597
473,post_marathon_recovery,0,0,1.5423901509714861,21.278754700949897,8.448880609038184,50.447514508352675,74.60101999981852,71.44803809824104
474,post_marathon_recovery,0,0,0.8407106791720556,10.050071069015612,7.9596657779296445,50.59185986979079,74.95008341786094,74.26285385859967
475,post_marathon_recovery,0,0,1.9674511000438464,25.719682114579197,8.136199635097777,50.795540328682584,61.572762113403535,73.81925593416729
476,post_marathon_recovery,0,0,2.373487262130555,23.145586261816437,8.065266717312369,50.200458570792904,66.45993776705897,70.66047485631056
477,post_marathon_recovery,0,0,0.8820728276068357,16.859493578350133,8.177625671985776,51.6222927728096,68.69217687973806,69.93707812124735
478,post_marathon_recovery,0,0,0.7531018274908267,0.0,7.8746054581508735,50.9061754905012,79.04445658856166,71.3335879782332
479,post_marathon_recovery,0,0,0.1152212704918586,3.958554809546025,7.761946529917467,49.88366348515427,76.4677130557667,69.54392377733868
480,post_marathon_recovery,0,0,2.3042443373204433,24.159672887777024,8.258026031521107,48.98564460493885,71.5761920969104,74.41522163037078
